<?xml version="1.0" encoding="UTF-8"?>

<clientConfig version="1.1">
  <emailProvider id="ollaberkana.ru">
    <domain>ollaberkana.ru</domain>
    <displayName>Olla Group</displayName>
    <displayShortName>Olla Group</displayShortName>
    <incomingServer type="imap">
      <hostname>mail.ollaberkana.ru</hostname>
      <port>993</port>
      <socketType>SSL</socketType>
      <authentication>password-encrypted</authentication>
      <username>%EMAILADDRESS%</username>
    </incomingServer>
    <outgoingServer type="smtp">
      <hostname>mail.ollaberkana.ru</hostname>
      <port>465</port>
      <socketType>SSL</socketType>
      <authentication>password-encrypted</authentication>
      <username>%EMAILADDRESS%</username>
    </outgoingServer>
    <documentation url="http://kundenservice.freenet.de/hilfe/email/programme/config/index.html">
      <descr lang="de">Allgemeine Beschreibung der Einstellungen</descr>
      <descr lang="en">Generic settings page</descr>
    </documentation>
    <documentation url="http://kundenservice.freenet.de/hilfe/email/programme/config/thunderbird/imap-thunderbird/imap/index.html">
      <descr lang="de">TB 2.0 IMAP-Einstellungen</descr>
      <descr lang="en">TB 2.0 IMAP settings</descr>
    </documentation>
  </emailProvider>
</clientConfig>